hypothesis,model,adjusted,p_value,ci_low,ci_high
hcq_reduces_death,coxph,"age, sex",0.03146023831431753,0.042682251295072325,0.8635420578351852
hcq_increases_discharged,coxph,"age, sex",0.8961453675530431,0.578115495559295,1.8704516771756414
hcq_reduces_death,coxph,"age, sex",0.017578229093635905,0.021220560244258845,0.6918564358854894
hcq_increases_discharged,coxph,"age, sex",0.5250456775307001,0.3450374190445322,1.7210887641496373
hcq_reduces_death,coxph,"age, sex",0.01095641821099371,0.008201738232247886,0.5363624496983339
hcq_increases_discharged,coxph,"age, sex",0.31134043517828036,0.2578416808959407,1.5404657420954824
hcq_reduces_death,coxph,"age, sex",0.008403267249384394,0.011222099462445194,0.5168777533491319
hcq_increases_discharged,coxph,"age, sex",0.42862381812992106,0.30033194857648066,1.666608979378463
