hypothesis,model,adjusted,estimand,p_value,point_estimate,ci_low,ci_high
hcq_reduces_death,coxph,"age, sex",log(HR),0.0314602383143175,-1.6503423910201729,-3.1539721056952934,-0.14671267634505242
hcq_increases_discharged,coxph,"age, sex",log(HR),0.8961453675530433,0.03909916466655238,-0.5479816109642393,0.626179940297344
hcq_reduces_death,coxph,"age, sex, az",log(HR),0.01757822909363585,-2.1105807759585704,-3.852784744436108,-0.36837680748103274
hcq_increases_discharged,coxph,"age, sex, az",log(HR),0.5250456775306995,-0.2605726569285909,-1.064102406833602,0.5429570929764203
hcq_reduces_death,coxph,"age, sex, az, hospital",log(HR),0.010956418457557392,-2.71317715097499,-4.803409174092172,-0.622945127857808
hcq_increases_discharged,coxph,"age, sex, az, hospital",log(HR),0.31134043517827936,-0.46166236085891293,-1.3554095223527804,0.43208480063495464
hcq_reduces_death,coxph,"age, sex, az, comorbidities (sum)",log(HR),0.00840326724938437,-2.574909582415223,-4.489870278526962,-0.6599488863034838
hcq_increases_discharged,coxph,"age, sex, az, comorbidities (sum)",log(HR),0.42862381812992223,-0.3460379549958145,-1.2028669207856768,0.5107910107940477
