hypothesis,model,adjusted,estimand,widest_CI_excl_reference,point_estimate,ci_low,ci_high,model_check,data_version
d_dimer_increases_death,jm,"age, sex",log(HR),0.9675,0.508314722384375,0.042259157321735144,1.0478446548338982,Suspicious,9f64434d7d5780d6e5d28902bbd66efc
d_dimer_increases_death,jm,"age, sex, hcq",log(HR),0.977,0.5636584543679135,0.08491885755836207,1.149595183808388,Problematic,9f64434d7d5780d6e5d28902bbd66efc
IL_6_increases_death,jm,"age, sex",log(HR),0.9995,1.766863885112763,0.6082169351488852,3.4998787510752787,Suspicious,9f64434d7d5780d6e5d28902bbd66efc
IL_6_increases_death,jm,"age, sex, hcq",log(HR),0.9995,1.8823353098199591,0.6140854405846485,3.7258381208122735,Suspicious,9f64434d7d5780d6e5d28902bbd66efc
