hypothesis,model,adjusted,estimand,widest_CI_excl_reference,point_estimate,ci_low,ci_high,model_check,data_version
d_dimer_increases_death,jm,"age, sex",log(HR),0.8280000000000001,0.48549551387753986,-0.17023417215201875,1.3300737373827154,Suspicious,3111cfb07a25fb126f198578e47b9267
d_dimer_increases_death,jm,"age, sex, hcq",log(HR),0.8145,0.4623520650361091,-0.17388168635662815,1.2990022483702242,Problematic,3111cfb07a25fb126f198578e47b9267
IL_6_increases_death,jm,"age, sex",log(HR),0.621,1.0275003432385952,-1.3514769743493469,3.4338015210767785,Suspicious,3111cfb07a25fb126f198578e47b9267
IL_6_increases_death,jm,"age, sex, hcq",log(HR),0.44399999999999995,0.6628944241063485,-1.634427997616421,2.856371800857806,Suspicious,3111cfb07a25fb126f198578e47b9267
