hypothesis,model,adjusted,widest_CI_excl_reference,point_estimate,ci_low,ci_high
d_dimer_increases_death,jm,"age, sex, hcq",0.8145,0.4623520650361091,-0.17388168635662815,1.2990022483702242
IL_6_increases_death,jm,"age, sex, hcq",0.44399999999999995,0.6628944241063485,-1.634427997616421,2.856371800857806
d_dimer_increases_death,jm,"age, sex",0.8280000000000001,0.48549551387753986,-0.17023417215201875,1.3300737373827154
